{"type":"minecraft:chest","pools":[{"rolls":1,"bonus_rolls":0,"entries":[{"type":"minecraft:item","name":"minecraft:diamond_shovel","weight":15,"functions":[{"function":"minecraft:set_damage","damage":{"type":"minecraft:uniform","min":0.15,"max":0.8},"add":false},{"function":"minecraft:enchant_randomly"}]},{"type":"minecraft:item","name":"minecraft:diamond_pickaxe","weight":12,"functions":[{"function":"minecraft:set_damage","damage":{"type":"minecraft:uniform","min":0.15,"max":0.95},"add":false},{"function":"minecraft:set_count","count":1,"add":false},{"function":"minecraft:enchant_randomly"}]},{"type":"minecraft:item","name":"minecraft:netherite_scrap","weight":8,"functions":[{"function":"minecraft:set_count","count":1,"add":false}]},{"type":"minecraft:item","name":"minecraft:ancient_debris","weight":12,"functions":[{"function":"minecraft:set_count","count":1,"add":false}]},{"type":"minecraft:item","name":"minecraft:ancient_debris","weight":5,"functions":[{"function":"minecraft:set_count","count":2,"add":false}]},{"type":"minecraft:item","name":"minecraft:saddle","weight":12,"functions":[{"function":"minecraft:set_count","count":1,"add":false}]},{"type":"minecraft:item","name":"minecraft:gold_block","weight":16,"functions":[{"function":"minecraft:set_count","count":{"type":"minecraft:uniform","min":2,"max":4},"add":false}]},{"type":"minecraft:item","name":"minecraft:golden_carrot","weight":10,"functions":[{"function":"minecraft:set_count","count":{"type":"minecraft:uniform","min":8,"max":17},"add":false}]},{"type":"minecraft:item","name":"minecraft:golden_apple","weight":10,"functions":[{"function":"minecraft:set_count","count":1,"add":false}]}]},{"rolls":{"type":"minecraft:uniform","min":3,"max":4},"bonus_rolls":0,"entries":[{"type":"minecraft:item","name":"minecraft:golden_axe","functions":[{"function":"minecraft:set_count","count":1,"add":false},{"function":"minecraft:enchant_randomly"}]},{"type":"minecraft:item","name":"minecraft:crying_obsidian","functions":[{"function":"minecraft:set_count","count":{"type":"minecraft:uniform","min":1,"max":5},"add":false}]},{"type":"minecraft:item","name":"minecraft:glowstone","functions":[{"function":"minecraft:set_count","count":{"type":"minecraft:uniform","min":3,"max":6},"add":false}]},{"type":"minecraft:item","name":"minecraft:gilded_blackstone","functions":[{"function":"minecraft:set_count","count":{"type":"minecraft:uniform","min":2,"max":5},"add":false}]},{"type":"minecraft:item","name":"minecraft:soul_sand","functions":[{"function":"minecraft:set_count","count":{"type":"minecraft:uniform","min":2,"max":7},"add":false}]},{"type":"minecraft:item","name":"minecraft:crimson_nylium","functions":[{"function":"minecraft:set_count","count":{"type":"minecraft:uniform","min":2,"max":7},"add":false}]},{"type":"minecraft:item","name":"minecraft:gold_nugget","functions":[{"function":"minecraft:set_count","count":{"type":"minecraft:uniform","min":2,"max":8},"add":false}]},{"type":"minecraft:item","name":"minecraft:leather","functions":[{"function":"minecraft:set_count","count":{"type":"minecraft:uniform","min":1,"max":3},"add":false}]},{"type":"minecraft:item","name":"minecraft:arrow","functions":[{"function":"minecraft:set_count","count":{"type":"minecraft:uniform","min":5,"max":17},"add":false}]},{"type":"minecraft:item","name":"minecraft:string","functions":[{"function":"minecraft:set_count","count":{"type":"minecraft:uniform","min":3,"max":8},"add":false}]},{"type":"minecraft:item","name":"minecraft:porkchop","functions":[{"function":"minecraft:set_count","count":{"type":"minecraft:uniform","min":2,"max":5},"add":false}]},{"type":"minecraft:item","name":"minecraft:cooked_porkchop","functions":[{"function":"minecraft:set_count","count":{"type":"minecraft:uniform","min":2,"max":5},"add":false}]},{"type":"minecraft:item","name":"minecraft:crimson_fungus","functions":[{"function":"minecraft:set_count","count":{"type":"minecraft:uniform","min":2,"max":7},"add":false}]},{"type":"minecraft:item","name":"minecraft:crimson_roots","functions":[{"function":"minecraft:set_count","count":{"type":"minecraft:uniform","min":2,"max":7},"add":false}]}]},{"rolls":1,"bonus_rolls":0,"entries":[{"type":"minecraft:empty","weight":11},{"type":"minecraft:item","name":"minecraft:snout_armor_trim_smithing_template"}]}],"random_sequence":"minecraft:chests/bastion_hoglin_stable"}