{"fallback":"minecraft:empty","elements":[{"weight":5,"element":{"element_type":"minecraft:list_pool_element","projection":"rigid","elements":[{"element_type":"minecraft:legacy_single_pool_element","projection":"rigid","location":"minecraft:village/savanna/houses/hut_base","override_liquid_settings":"ignore_waterlogging","processors":"minecraft:empty"},{"element_type":"minecraft:legacy_single_pool_element","projection":"rigid","location":"minecraft:village/common/houses/hut_1","override_liquid_settings":"ignore_waterlogging","processors":"minecraft:village_savanna"}]}},{"weight":5,"element":{"element_type":"minecraft:list_pool_element","projection":"rigid","elements":[{"element_type":"minecraft:legacy_single_pool_element","projection":"rigid","location":"minecraft:village/savanna/houses/hut_base","override_liquid_settings":"ignore_waterlogging","processors":"minecraft:empty"},{"element_type":"minecraft:legacy_single_pool_element","projection":"rigid","location":"minecraft:village/common/houses/hut_2","override_liquid_settings":"ignore_waterlogging","processors":"minecraft:village_savanna"}]}},{"weight":5,"element":{"element_type":"minecraft:list_pool_element","projection":"rigid","elements":[{"element_type":"minecraft:legacy_single_pool_element","projection":"rigid","location":"minecraft:village/savanna/houses/hut_base","override_liquid_settings":"ignore_waterlogging","processors":"minecraft:empty"},{"element_type":"minecraft:legacy_single_pool_element","projection":"rigid","location":"minecraft:village/common/houses/hut_3","override_liquid_settings":"ignore_waterlogging","processors":"minecraft:village_savanna"}]}},{"weight":5,"element":{"element_type":"minecraft:list_pool_element","projection":"rigid","elements":[{"element_type":"minecraft:legacy_single_pool_element","projection":"rigid","location":"minecraft:village/savanna/houses/hut_base","override_liquid_settings":"ignore_waterlogging","processors":"minecraft:empty"},{"element_type":"minecraft:legacy_single_pool_element","projection":"rigid","location":"minecraft:village/common/houses/hut_4","override_liquid_settings":"ignore_waterlogging","processors":"minecraft:village_savanna"}]}},{"weight":5,"element":{"element_type":"minecraft:list_pool_element","projection":"rigid","elements":[{"element_type":"minecraft:legacy_single_pool_element","projection":"rigid","location":"minecraft:village/savanna/houses/hut_base","override_liquid_settings":"ignore_waterlogging","processors":"minecraft:empty"},{"element_type":"minecraft:legacy_single_pool_element","projection":"rigid","location":"minecraft:village/common/houses/hut_5","override_liquid_settings":"ignore_waterlogging","processors":"minecraft:village_savanna"}]}},{"weight":5,"element":{"element_type":"minecraft:list_pool_element","projection":"rigid","elements":[{"element_type":"minecraft:legacy_single_pool_element","projection":"rigid","location":"minecraft:village/savanna/houses/hut_base","override_liquid_settings":"ignore_waterlogging","processors":"minecraft:empty"},{"element_type":"minecraft:legacy_single_pool_element","projection":"rigid","location":"minecraft:village/common/houses/hut_6","override_liquid_settings":"ignore_waterlogging","processors":"minecraft:village_savanna"}]}},{"weight":12,"element":{"element_type":"minecraft:list_pool_element","projection":"rigid","elements":[{"element_type":"minecraft:legacy_single_pool_element","projection":"rigid","location":"minecraft:village/savanna/houses/small_house_base","override_liquid_settings":"ignore_waterlogging","processors":"minecraft:empty"},{"element_type":"minecraft:legacy_single_pool_element","projection":"rigid","location":"minecraft:village/common/houses/small_house_1","override_liquid_settings":"ignore_waterlogging","processors":"minecraft:village_savanna"}]}},{"weight":12,"element":{"element_type":"minecraft:list_pool_element","projection":"rigid","elements":[{"element_type":"minecraft:legacy_single_pool_element","projection":"rigid","location":"minecraft:village/savanna/houses/small_house_base","override_liquid_settings":"ignore_waterlogging","processors":"minecraft:empty"},{"element_type":"minecraft:legacy_single_pool_element","projection":"rigid","location":"minecraft:village/common/houses/small_house_2","override_liquid_settings":"ignore_waterlogging","processors":"minecraft:village_savanna"}]}},{"weight":18,"element":{"element_type":"minecraft:list_pool_element","projection":"rigid","elements":[{"element_type":"minecraft:legacy_single_pool_element","projection":"rigid","location":"minecraft:village/savanna/houses/large_house_base","override_liquid_settings":"ignore_waterlogging","processors":"minecraft:empty"},{"element_type":"minecraft:legacy_single_pool_element","projection":"rigid","location":"minecraft:village/common/houses/large_house_1","override_liquid_settings":"ignore_waterlogging","processors":"minecraft:village_savanna"}]}},{"weight":12,"element":{"element_type":"minecraft:list_pool_element","projection":"rigid","elements":[{"element_type":"minecraft:legacy_single_pool_element","projection":"rigid","location":"minecraft:village/savanna/houses/butcher_base","override_liquid_settings":"ignore_waterlogging","processors":"minecraft:empty"},{"element_type":"minecraft:legacy_single_pool_element","projection":"rigid","location":"minecraft:village/common/houses/butcher_1","override_liquid_settings":"ignore_waterlogging","processors":"minecraft:village_savanna"}]}},{"weight":12,"element":{"element_type":"minecraft:list_pool_element","projection":"rigid","elements":[{"element_type":"minecraft:legacy_single_pool_element","projection":"rigid","location":"minecraft:village/savanna/houses/library_base","override_liquid_settings":"ignore_waterlogging","processors":"minecraft:empty"},{"element_type":"minecraft:legacy_single_pool_element","projection":"rigid","location":"minecraft:village/common/houses/library_1","override_liquid_settings":"ignore_waterlogging","processors":"minecraft:village_savanna"}]}},{"weight":24,"element":{"element_type":"minecraft:list_pool_element","projection":"rigid","elements":[{"element_type":"minecraft:legacy_single_pool_element","projection":"rigid","location":"minecraft:village/common/farms/small_farm_base","override_liquid_settings":"ignore_waterlogging","processors":"minecraft:empty"},{"element_type":"minecraft:legacy_single_pool_element","projection":"rigid","location":"minecraft:village/common/farms/small_farm_1","override_liquid_settings":"ignore_waterlogging","processors":"minecraft:village_savanna"}]}},{"weight":24,"element":{"element_type":"minecraft:list_pool_element","projection":"rigid","elements":[{"element_type":"minecraft:legacy_single_pool_element","projection":"rigid","location":"minecraft:village/common/farms/large_farm_base","override_liquid_settings":"ignore_waterlogging","processors":"minecraft:empty"},{"element_type":"minecraft:legacy_single_pool_element","projection":"rigid","location":"minecraft:village/common/farms/large_farm_1","override_liquid_settings":"ignore_waterlogging","processors":"minecraft:village_savanna"}]}},{"weight":6,"element":{"element_type":"minecraft:list_pool_element","projection":"rigid","elements":[{"element_type":"minecraft:legacy_single_pool_element","projection":"rigid","location":"minecraft:village/savanna/houses/blacksmith_base","override_liquid_settings":"ignore_waterlogging","processors":"minecraft:empty"},{"element_type":"minecraft:legacy_single_pool_element","projection":"rigid","location":"minecraft:village/common/houses/blacksmith_1","override_liquid_settings":"ignore_waterlogging","processors":"minecraft:village_savanna_keep_cobblestone"}]}},{"weight":6,"element":{"element_type":"minecraft:list_pool_element","projection":"rigid","elements":[{"element_type":"minecraft:legacy_single_pool_element","projection":"rigid","location":"minecraft:village/savanna/houses/church_base","override_liquid_settings":"ignore_waterlogging","processors":"minecraft:empty"},{"element_type":"minecraft:legacy_single_pool_element","projection":"rigid","location":"minecraft:village/common/houses/church_1","override_liquid_settings":"ignore_waterlogging","processors":"minecraft:village_savanna_keep_cobblestone"}]}},{"weight":12,"element":{"element_type":"minecraft:legacy_single_pool_element","projection":"rigid","location":"minecraft:village/common/lamp_post_1","override_liquid_settings":"ignore_waterlogging","processors":"minecraft:village_savanna"}},{"weight":104,"element":{"element_type":"minecraft:empty_pool_element"}},{"weight":104,"element":{"element_type":"minecraft:empty_pool_element"}},{"weight":104,"element":{"element_type":"minecraft:empty_pool_element"}}]}