{"name":"minecraft:village/savanna/villagers","fallback":"minecraft:village/savanna/villagers","elements":[{"weight":1,"element":{"location":"minecraft:village/savanna/villagers/nitwit","processors":"minecraft:empty","projection":"rigid","element_type":"minecraft:legacy_single_pool_element"}},{"weight":1,"element":{"location":"minecraft:village/savanna/villagers/baby","processors":"minecraft:empty","projection":"rigid","element_type":"minecraft:legacy_single_pool_element"}},{"weight":10,"element":{"location":"minecraft:village/savanna/villagers/unemployed","processors":"minecraft:empty","projection":"rigid","element_type":"minecraft:legacy_single_pool_element"}}]}