{"processors":[{"processor_type":"minecraft:rule","rules":[{"location_predicate":{"predicate_type":"minecraft:block_match","block":"minecraft:water"},"input_predicate":{"predicate_type":"minecraft:block_match","block":"minecraft:gravel"},"output_state":{"Name":"minecraft:oak_planks"}},{"location_predicate":{"predicate_type":"minecraft:block_match","block":"minecraft:lava"},"input_predicate":{"predicate_type":"minecraft:block_match","block":"minecraft:gravel"},"output_state":{"Name":"minecraft:oak_planks"}}]},{"processor_type":"minecraft:block_ignore","blocks":[{"Name":"minecraft:barrier"}]}]}