{"type":"minecraft:chest","pools":[{"rolls":1,"bonus_rolls":0,"entries":[{"type":"minecraft:item","name":"minecraft:lodestone","functions":[{"function":"minecraft:set_count","count":1,"add":false}]}]},{"rolls":{"type":"minecraft:uniform","min":1,"max":2},"bonus_rolls":0,"entries":[{"type":"minecraft:item","name":"minecraft:crossbow","functions":[{"function":"minecraft:set_damage","damage":{"type":"minecraft:uniform","min":0.1,"max":0.5},"add":false},{"function":"minecraft:enchant_randomly"}]},{"type":"minecraft:item","name":"minecraft:spectral_arrow","functions":[{"function":"minecraft:set_count","count":{"type":"minecraft:uniform","min":10,"max":28},"add":false}]},{"type":"minecraft:item","name":"minecraft:gilded_blackstone","functions":[{"function":"minecraft:set_count","count":{"type":"minecraft:uniform","min":8,"max":12},"add":false}]},{"type":"minecraft:item","name":"minecraft:crying_obsidian","functions":[{"function":"minecraft:set_count","count":{"type":"minecraft:uniform","min":3,"max":8},"add":false}]},{"type":"minecraft:item","name":"minecraft:gold_block","functions":[{"function":"minecraft:set_count","count":1,"add":false}]},{"type":"minecraft:item","name":"minecraft:gold_ingot","functions":[{"function":"minecraft:set_count","count":{"type":"minecraft:uniform","min":4,"max":9},"add":false}]},{"type":"minecraft:item","name":"minecraft:iron_ingot","functions":[{"function":"minecraft:set_count","count":{"type":"minecraft:uniform","min":4,"max":9},"add":false}]},{"type":"minecraft:item","name":"minecraft:golden_sword","functions":[{"function":"minecraft:set_count","count":1,"add":false}]},{"type":"minecraft:item","name":"minecraft:golden_chestplate","functions":[{"function":"minecraft:set_count","count":1,"add":false},{"function":"minecraft:enchant_randomly"}]},{"type":"minecraft:item","name":"minecraft:golden_helmet","functions":[{"function":"minecraft:set_count","count":1,"add":false},{"function":"minecraft:enchant_randomly"}]},{"type":"minecraft:item","name":"minecraft:golden_leggings","functions":[{"function":"minecraft:set_count","count":1,"add":false},{"function":"minecraft:enchant_randomly"}]},{"type":"minecraft:item","name":"minecraft:golden_boots","functions":[{"function":"minecraft:set_count","count":1,"add":false},{"function":"minecraft:enchant_randomly"}]},{"type":"minecraft:item","name":"minecraft:golden_axe","functions":[{"function":"minecraft:set_count","count":1,"add":false},{"function":"minecraft:enchant_randomly"}]}]},{"rolls":{"type":"minecraft:uniform","min":2,"max":4},"bonus_rolls":0,"entries":[{"type":"minecraft:item","name":"minecraft:string","functions":[{"function":"minecraft:set_count","count":{"type":"minecraft:uniform","min":1,"max":6},"add":false}]},{"type":"minecraft:item","name":"minecraft:leather","functions":[{"function":"minecraft:set_count","count":{"type":"minecraft:uniform","min":1,"max":3},"add":false}]},{"type":"minecraft:item","name":"minecraft:arrow","functions":[{"function":"minecraft:set_count","count":{"type":"minecraft:uniform","min":5,"max":17},"add":false}]},{"type":"minecraft:item","name":"minecraft:iron_nugget","functions":[{"function":"minecraft:set_count","count":{"type":"minecraft:uniform","min":2,"max":6},"add":false}]},{"type":"minecraft:item","name":"minecraft:gold_nugget","functions":[{"function":"minecraft:set_count","count":{"type":"minecraft:uniform","min":2,"max":6},"add":false}]}]},{"rolls":1,"bonus_rolls":0,"entries":[{"type":"minecraft:empty","weight":11},{"type":"minecraft:item","name":"minecraft:snout_armor_trim_smithing_template"}]}],"random_sequence":"minecraft:chests/bastion_bridge"}