{"name":"minecraft:village/taiga/streets","fallback":"minecraft:empty","elements":[{"weight":1,"element":{"location":"minecraft:village/taiga/streets/straight_1","processors":"minecraft:village_taiga_streets","projection":"terrain_matching","element_type":"minecraft:legacy_single_pool_element"}},{"weight":1,"element":{"location":"minecraft:village/taiga/streets/straight_2","processors":"minecraft:village_taiga_streets","projection":"terrain_matching","element_type":"minecraft:legacy_single_pool_element"}},{"weight":1,"element":{"location":"minecraft:village/taiga/streets/straight_3","processors":"minecraft:village_taiga_streets","projection":"terrain_matching","element_type":"minecraft:legacy_single_pool_element"}},{"weight":1,"element":{"element_type":"minecraft:empty_pool_element"}}]}