{"type":"minecraft:chest","pools":[{"rolls":1,"bonus_rolls":0,"entries":[{"type":"minecraft:item","name":"minecraft:diamond_pickaxe","weight":6,"functions":[{"function":"minecraft:set_count","count":1,"add":false},{"function":"minecraft:enchant_randomly"}]},{"type":"minecraft:item","name":"minecraft:diamond_shovel","weight":6,"functions":[{"function":"minecraft:set_count","count":1,"add":false}]},{"type":"minecraft:item","name":"minecraft:crossbow","weight":6,"functions":[{"function":"minecraft:set_damage","damage":{"type":"minecraft:uniform","min":0.1,"max":0.9},"add":false},{"function":"minecraft:enchant_randomly"}]},{"type":"minecraft:item","name":"minecraft:ancient_debris","weight":12,"functions":[{"function":"minecraft:set_count","count":1,"add":false}]},{"type":"minecraft:item","name":"minecraft:netherite_scrap","weight":4,"functions":[{"function":"minecraft:set_count","count":1,"add":false}]},{"type":"minecraft:item","name":"minecraft:spectral_arrow","weight":10,"functions":[{"function":"minecraft:set_count","count":{"type":"minecraft:uniform","min":10,"max":22},"add":false}]},{"type":"minecraft:item","name":"minecraft:piglin_banner_pattern","weight":9,"functions":[{"function":"minecraft:set_count","count":1,"add":false}]},{"type":"minecraft:item","name":"minecraft:music_disc_pigstep","weight":5,"functions":[{"function":"minecraft:set_count","count":1,"add":false}]},{"type":"minecraft:item","name":"minecraft:golden_carrot","weight":12,"functions":[{"function":"minecraft:set_count","count":{"type":"minecraft:uniform","min":6,"max":17},"add":false}]},{"type":"minecraft:item","name":"minecraft:golden_apple","weight":9,"functions":[{"function":"minecraft:set_count","count":1,"add":false}]},{"type":"minecraft:item","name":"minecraft:book","weight":10,"functions":[{"function":"minecraft:enchant_randomly","enchantments":["minecraft:soul_speed"]}]}]},{"rolls":2,"bonus_rolls":0,"entries":[{"type":"minecraft:item","name":"minecraft:iron_sword","weight":2,"functions":[{"function":"minecraft:set_damage","damage":{"type":"minecraft:uniform","min":0.1,"max":0.9},"add":false},{"function":"minecraft:set_count","count":1,"add":false},{"function":"minecraft:enchant_randomly"}]},{"type":"minecraft:item","name":"minecraft:iron_block","weight":2,"functions":[{"function":"minecraft:set_count","count":1,"add":false}]},{"type":"minecraft:item","name":"minecraft:golden_boots","functions":[{"function":"minecraft:set_count","count":1,"add":false},{"function":"minecraft:enchant_randomly","enchantments":["minecraft:soul_speed"]}]},{"type":"minecraft:item","name":"minecraft:golden_axe","functions":[{"function":"minecraft:set_count","count":1,"add":false},{"function":"minecraft:enchant_randomly"}]},{"type":"minecraft:item","name":"minecraft:gold_block","weight":2,"functions":[{"function":"minecraft:set_count","count":1,"add":false}]},{"type":"minecraft:item","name":"minecraft:crossbow","functions":[{"function":"minecraft:set_count","count":1,"add":false}]},{"type":"minecraft:item","name":"minecraft:gold_ingot","weight":2,"functions":[{"function":"minecraft:set_count","count":{"type":"minecraft:uniform","min":1,"max":6},"add":false}]},{"type":"minecraft:item","name":"minecraft:iron_ingot","weight":2,"functions":[{"function":"minecraft:set_count","count":{"type":"minecraft:uniform","min":1,"max":6},"add":false}]},{"type":"minecraft:item","name":"minecraft:golden_sword","functions":[{"function":"minecraft:set_count","count":1,"add":false}]},{"type":"minecraft:item","name":"minecraft:golden_chestplate","functions":[{"function":"minecraft:set_count","count":1,"add":false}]},{"type":"minecraft:item","name":"minecraft:golden_helmet","functions":[{"function":"minecraft:set_count","count":1,"add":false}]},{"type":"minecraft:item","name":"minecraft:golden_leggings","functions":[{"function":"minecraft:set_count","count":1,"add":false}]},{"type":"minecraft:item","name":"minecraft:golden_boots","functions":[{"function":"minecraft:set_count","count":1,"add":false}]},{"type":"minecraft:item","name":"minecraft:crying_obsidian","weight":2,"functions":[{"function":"minecraft:set_count","count":{"type":"minecraft:uniform","min":1,"max":5},"add":false}]}]},{"rolls":{"type":"minecraft:uniform","min":3,"max":4},"bonus_rolls":0,"entries":[{"type":"minecraft:item","name":"minecraft:gilded_blackstone","weight":2,"functions":[{"function":"minecraft:set_count","count":{"type":"minecraft:uniform","min":1,"max":5},"add":false}]},{"type":"minecraft:item","name":"minecraft:chain","functions":[{"function":"minecraft:set_count","count":{"type":"minecraft:uniform","min":2,"max":10},"add":false}]},{"type":"minecraft:item","name":"minecraft:magma_cream","weight":2,"functions":[{"function":"minecraft:set_count","count":{"type":"minecraft:uniform","min":2,"max":6},"add":false}]},{"type":"minecraft:item","name":"minecraft:bone_block","functions":[{"function":"minecraft:set_count","count":{"type":"minecraft:uniform","min":3,"max":6},"add":false}]},{"type":"minecraft:item","name":"minecraft:iron_nugget","functions":[{"function":"minecraft:set_count","count":{"type":"minecraft:uniform","min":2,"max":8},"add":false}]},{"type":"minecraft:item","name":"minecraft:obsidian","functions":[{"function":"minecraft:set_count","count":{"type":"minecraft:uniform","min":4,"max":6},"add":false}]},{"type":"minecraft:item","name":"minecraft:gold_nugget","functions":[{"function":"minecraft:set_count","count":{"type":"minecraft:uniform","min":2,"max":8},"add":false}]},{"type":"minecraft:item","name":"minecraft:string","functions":[{"function":"minecraft:set_count","count":{"type":"minecraft:uniform","min":4,"max":6},"add":false}]},{"type":"minecraft:item","name":"minecraft:arrow","weight":2,"functions":[{"function":"minecraft:set_count","count":{"type":"minecraft:uniform","min":5,"max":17},"add":false}]},{"type":"minecraft:item","name":"minecraft:cooked_porkchop","functions":[{"function":"minecraft:set_count","count":1,"add":false}]}]},{"rolls":1,"bonus_rolls":0,"entries":[{"type":"minecraft:empty","weight":11},{"type":"minecraft:item","name":"minecraft:snout_armor_trim_smithing_template"}]}],"random_sequence":"minecraft:chests/bastion_other"}