{"type":"minecraft:chest","pools":[{"rolls":{"min":2,"max":4},"entries":[{"type":"minecraft:item","weight":5,"name":"minecraft:diamond","functions":[{"function":"minecraft:set_count","count":{"min":1,"max":3}}]},{"type":"minecraft:item","weight":5,"name":"minecraft:iron_ingot","functions":[{"function":"minecraft:set_count","count":{"min":1,"max":5}}]},{"type":"minecraft:item","weight":15,"name":"minecraft:gold_ingot","functions":[{"function":"minecraft:set_count","count":{"min":1,"max":3}}]},{"type":"minecraft:item","weight":5,"name":"minecraft:golden_sword"},{"type":"minecraft:item","weight":5,"name":"minecraft:golden_chestplate"},{"type":"minecraft:item","weight":5,"name":"minecraft:flint_and_steel"},{"type":"minecraft:item","weight":5,"name":"minecraft:nether_wart","functions":[{"function":"minecraft:set_count","count":{"min":3,"max":7}}]},{"type":"minecraft:item","weight":10,"name":"minecraft:saddle"},{"type":"minecraft:item","weight":8,"name":"minecraft:golden_horse_armor"},{"type":"minecraft:item","weight":5,"name":"minecraft:iron_horse_armor"},{"type":"minecraft:item","weight":3,"name":"minecraft:diamond_horse_armor"},{"type":"minecraft:item","weight":2,"name":"minecraft:obsidian","functions":[{"function":"minecraft:set_count","count":{"min":2,"max":4}}]}]},{"rolls":{"min":1,"max":3},"bonus_rolls":1,"entries":[{"type":"minecraft:item","weight":5,"name":"minecraft:netherrack","functions":[{"function":"minecraft:set_count","count":{"min":1,"max":5}}]},{"type":"minecraft:item","weight":7,"name":"minecraft:crimson_nylium","functions":[{"function":"minecraft:set_count","count":{"min":5,"max":7}}]},{"type":"minecraft:item","weight":4,"name":"minecraft:warped_nylium","functions":[{"function":"minecraft:set_count","count":{"min":5,"max":7}}]},{"type":"minecraft:item","weight":6,"name":"minecraft:crimson_fungus","functions":[{"function":"minecraft:set_count","count":{"min":5,"max":7}}]},{"type":"minecraft:item","weight":5,"quality":7,"name":"minecraft:warped_fungus"}]},{"rolls":1,"entries":[{"type":"minecraft:item","name":"minecraft:warped_fungus_on_a_stick","conditions":[{"condition":"minecraft:random_chance","chance":0.3}]}]}]}