{"fallback":"minecraft:village/common/crop_plots","elements":[{"weight":5,"element":{"element_type":"minecraft:legacy_single_pool_element","projection":"rigid","location":"minecraft:village/common/farms/crop_wheat","override_liquid_settings":"ignore_waterlogging","processors":"minecraft:crop_common"}},{"weight":2,"element":{"element_type":"minecraft:legacy_single_pool_element","projection":"rigid","location":"minecraft:village/common/farms/crop_carrots","override_liquid_settings":"ignore_waterlogging","processors":"minecraft:crop_common"}},{"weight":2,"element":{"element_type":"minecraft:legacy_single_pool_element","projection":"rigid","location":"minecraft:village/common/farms/crop_potatoes","override_liquid_settings":"ignore_waterlogging","processors":"minecraft:crop_common"}},{"weight":1,"element":{"element_type":"minecraft:legacy_single_pool_element","projection":"rigid","location":"minecraft:village/common/farms/crop_beetroots","override_liquid_settings":"ignore_waterlogging","processors":"minecraft:crop_common"}}]}