{"type":"minecraft:chest","pools":[{"rolls":3,"bonus_rolls":0,"entries":[{"type":"minecraft:item","name":"minecraft:netherite_ingot","weight":15,"functions":[{"function":"minecraft:set_count","count":1,"add":false}]},{"type":"minecraft:item","name":"minecraft:ancient_debris","weight":10,"functions":[{"function":"minecraft:set_count","count":1,"add":false}]},{"type":"minecraft:item","name":"minecraft:netherite_scrap","weight":8,"functions":[{"function":"minecraft:set_count","count":1,"add":false}]},{"type":"minecraft:item","name":"minecraft:ancient_debris","weight":4,"functions":[{"function":"minecraft:set_count","count":2,"add":false}]},{"type":"minecraft:item","name":"minecraft:diamond_sword","weight":6,"functions":[{"function":"minecraft:set_damage","damage":{"type":"minecraft:uniform","min":0.8,"max":1},"add":false},{"function":"minecraft:enchant_randomly"}]},{"type":"minecraft:item","name":"minecraft:diamond_chestplate","weight":6,"functions":[{"function":"minecraft:set_damage","damage":{"type":"minecraft:uniform","min":0.8,"max":1},"add":false},{"function":"minecraft:enchant_randomly"}]},{"type":"minecraft:item","name":"minecraft:diamond_helmet","weight":6,"functions":[{"function":"minecraft:set_damage","damage":{"type":"minecraft:uniform","min":0.8,"max":1},"add":false},{"function":"minecraft:enchant_randomly"}]},{"type":"minecraft:item","name":"minecraft:diamond_leggings","weight":6,"functions":[{"function":"minecraft:set_damage","damage":{"type":"minecraft:uniform","min":0.8,"max":1},"add":false},{"function":"minecraft:enchant_randomly"}]},{"type":"minecraft:item","name":"minecraft:diamond_boots","weight":6,"functions":[{"function":"minecraft:set_damage","damage":{"type":"minecraft:uniform","min":0.8,"max":1},"add":false},{"function":"minecraft:enchant_randomly"}]},{"type":"minecraft:item","name":"minecraft:diamond_sword","weight":6},{"type":"minecraft:item","name":"minecraft:diamond_chestplate","weight":5},{"type":"minecraft:item","name":"minecraft:diamond_helmet","weight":5},{"type":"minecraft:item","name":"minecraft:diamond_boots","weight":5},{"type":"minecraft:item","name":"minecraft:diamond_leggings","weight":5},{"type":"minecraft:item","name":"minecraft:diamond","weight":5,"functions":[{"function":"minecraft:set_count","count":{"type":"minecraft:uniform","min":2,"max":6},"add":false}]},{"type":"minecraft:item","name":"minecraft:enchanted_golden_apple","weight":2,"functions":[{"function":"minecraft:set_count","count":1,"add":false}]}]},{"rolls":{"type":"minecraft:uniform","min":3,"max":4},"bonus_rolls":0,"entries":[{"type":"minecraft:item","name":"minecraft:spectral_arrow","functions":[{"function":"minecraft:set_count","count":{"type":"minecraft:uniform","min":12,"max":25},"add":false}]},{"type":"minecraft:item","name":"minecraft:gold_block","functions":[{"function":"minecraft:set_count","count":{"type":"minecraft:uniform","min":2,"max":5},"add":false}]},{"type":"minecraft:item","name":"minecraft:iron_block","functions":[{"function":"minecraft:set_count","count":{"type":"minecraft:uniform","min":2,"max":5},"add":false}]},{"type":"minecraft:item","name":"minecraft:gold_ingot","functions":[{"function":"minecraft:set_count","count":{"type":"minecraft:uniform","min":3,"max":9},"add":false}]},{"type":"minecraft:item","name":"minecraft:iron_ingot","functions":[{"function":"minecraft:set_count","count":{"type":"minecraft:uniform","min":3,"max":9},"add":false}]},{"type":"minecraft:item","name":"minecraft:crying_obsidian","functions":[{"function":"minecraft:set_count","count":{"type":"minecraft:uniform","min":3,"max":5},"add":false}]},{"type":"minecraft:item","name":"minecraft:quartz","functions":[{"function":"minecraft:set_count","count":{"type":"minecraft:uniform","min":8,"max":23},"add":false}]},{"type":"minecraft:item","name":"minecraft:gilded_blackstone","functions":[{"function":"minecraft:set_count","count":{"type":"minecraft:uniform","min":5,"max":15},"add":false}]},{"type":"minecraft:item","name":"minecraft:magma_cream","functions":[{"function":"minecraft:set_count","count":{"type":"minecraft:uniform","min":3,"max":8},"add":false}]}]},{"rolls":1,"bonus_rolls":0,"entries":[{"type":"minecraft:empty","weight":11},{"type":"minecraft:item","name":"minecraft:snout_armor_trim_smithing_template"}]}],"random_sequence":"minecraft:chests/bastion_treasure"}