{"name":"minecraft:village/plains/villagers","fallback":"minecraft:village/plains/villagers","elements":[{"weight":1,"element":{"location":"minecraft:village/plains/villagers/nitwit","processors":"minecraft:empty","projection":"rigid","element_type":"minecraft:legacy_single_pool_element"}},{"weight":1,"element":{"location":"minecraft:village/plains/villagers/baby","processors":"minecraft:empty","projection":"rigid","element_type":"minecraft:legacy_single_pool_element"}},{"weight":10,"element":{"location":"minecraft:village/plains/villagers/unemployed","processors":"minecraft:empty","projection":"rigid","element_type":"minecraft:legacy_single_pool_element"}}]}