{"processors":[{"rules":[{"output_state":{"Properties":{"age":"2"},"Name":"minecraft:wheat"},"input_predicate":{"block":"minecraft:wheat","probability":0.2,"predicate_type":"minecraft:random_block_match"},"location_predicate":{"predicate_type":"minecraft:always_true"}},{"output_state":{"Properties":{"age":"3"},"Name":"minecraft:wheat"},"input_predicate":{"block":"minecraft:wheat","probability":0.2,"predicate_type":"minecraft:random_block_match"},"location_predicate":{"predicate_type":"minecraft:always_true"}},{"output_state":{"Properties":{"age":"4"},"Name":"minecraft:wheat"},"input_predicate":{"block":"minecraft:wheat","probability":0.2,"predicate_type":"minecraft:random_block_match"},"location_predicate":{"predicate_type":"minecraft:always_true"}},{"output_state":{"Properties":{"age":"5"},"Name":"minecraft:wheat"},"input_predicate":{"block":"minecraft:wheat","probability":0.2,"predicate_type":"minecraft:random_block_match"},"location_predicate":{"predicate_type":"minecraft:always_true"}},{"output_state":{"Properties":{"age":"6"},"Name":"minecraft:wheat"},"input_predicate":{"block":"minecraft:wheat","probability":0.2,"predicate_type":"minecraft:random_block_match"},"location_predicate":{"predicate_type":"minecraft:always_true"}},{"output_state":{"Properties":{"age":"2"},"Name":"minecraft:carrots"},"input_predicate":{"block":"minecraft:carrots","probability":0.2,"predicate_type":"minecraft:random_block_match"},"location_predicate":{"predicate_type":"minecraft:always_true"}},{"output_state":{"Properties":{"age":"3"},"Name":"minecraft:carrots"},"input_predicate":{"block":"minecraft:carrots","probability":0.2,"predicate_type":"minecraft:random_block_match"},"location_predicate":{"predicate_type":"minecraft:always_true"}},{"output_state":{"Properties":{"age":"4"},"Name":"minecraft:carrots"},"input_predicate":{"block":"minecraft:carrots","probability":0.2,"predicate_type":"minecraft:random_block_match"},"location_predicate":{"predicate_type":"minecraft:always_true"}},{"output_state":{"Properties":{"age":"5"},"Name":"minecraft:carrots"},"input_predicate":{"block":"minecraft:carrots","probability":0.2,"predicate_type":"minecraft:random_block_match"},"location_predicate":{"predicate_type":"minecraft:always_true"}},{"output_state":{"Properties":{"age":"6"},"Name":"minecraft:carrots"},"input_predicate":{"block":"minecraft:carrots","probability":0.2,"predicate_type":"minecraft:random_block_match"},"location_predicate":{"predicate_type":"minecraft:always_true"}},{"output_state":{"Properties":{"age":"2"},"Name":"minecraft:potatoes"},"input_predicate":{"block":"minecraft:potatoes","probability":0.2,"predicate_type":"minecraft:random_block_match"},"location_predicate":{"predicate_type":"minecraft:always_true"}},{"output_state":{"Properties":{"age":"3"},"Name":"minecraft:potatoes"},"input_predicate":{"block":"minecraft:potatoes","probability":0.2,"predicate_type":"minecraft:random_block_match"},"location_predicate":{"predicate_type":"minecraft:always_true"}},{"output_state":{"Properties":{"age":"4"},"Name":"minecraft:potatoes"},"input_predicate":{"block":"minecraft:potatoes","probability":0.2,"predicate_type":"minecraft:random_block_match"},"location_predicate":{"predicate_type":"minecraft:always_true"}},{"output_state":{"Properties":{"age":"5"},"Name":"minecraft:potatoes"},"input_predicate":{"block":"minecraft:potatoes","probability":0.2,"predicate_type":"minecraft:random_block_match"},"location_predicate":{"predicate_type":"minecraft:always_true"}},{"output_state":{"Properties":{"age":"6"},"Name":"minecraft:potatoes"},"input_predicate":{"block":"minecraft:potatoes","probability":0.2,"predicate_type":"minecraft:random_block_match"},"location_predicate":{"predicate_type":"minecraft:always_true"}},{"output_state":{"Properties":{"age":"1"},"Name":"minecraft:beetroots"},"input_predicate":{"block":"minecraft:beetroots","probability":0.5,"predicate_type":"minecraft:random_block_match"},"location_predicate":{"predicate_type":"minecraft:always_true"}},{"output_state":{"Properties":{"age":"2"},"Name":"minecraft:beetroots"},"input_predicate":{"block":"minecraft:beetroots","probability":0.5,"predicate_type":"minecraft:random_block_match"},"location_predicate":{"predicate_type":"minecraft:always_true"}}],"processor_type":"minecraft:rule"}]}