{"elements":[{"element":{"element_type":"minecraft:legacy_single_pool_element","location":"minecraft:village/common/animals/cows_1","processors":{"processors":[]},"projection":"rigid"},"weight":3},{"element":{"element_type":"minecraft:legacy_single_pool_element","location":"minecraft:village/common/animals/pigs_1","processors":{"processors":[]},"projection":"rigid"},"weight":3},{"element":{"element_type":"minecraft:legacy_single_pool_element","location":"minecraft:village/common/animals/sheep_1","processors":{"processors":[]},"projection":"rigid"},"weight":1},{"element":{"element_type":"minecraft:legacy_single_pool_element","location":"minecraft:village/common/animals/sheep_2","processors":{"processors":[]},"projection":"rigid"},"weight":1}],"fallback":"minecraft:village/common/butcher_animals"}